From;To;Type;Through;start_x;start_y;stop_x;stop_y;adjacency_rule_name;Comment

######################################################################################################
#Zuldazar
######################################################################################################
8796;8799;sea;7260;-1;-1;-1;-1;; Atal'gral

8764;8761;sea;7283;-1;-1;-1;-1;; Talaji's Rebuke
8777;8771;sea;7283;-1;-1;-1;-1;; Talaji's Rebuke

######################################################################################################
#Nazmir
######################################################################################################
13729;8850;sea;13728;-1;-1;-1;-1;; Zul'jan Ruins
13729;8848;sea;13728;-1;-1;-1;-1;; Zul'jan Ruins
13729;15143;sea;13728;-1;-1;-1;-1;; Zul'jan Ruins
13729;1264;sea;13728;-1;-1;-1;-1;; Zul'jan Ruins
15148;1264;sea;13728;-1;-1;-1;-1;; Zul'jan Ruins
15148;15142;sea;13728;-1;-1;-1;-1;; Zul'jan Ruins
1264;15142;sea;13728;-1;-1;-1;-1;; Zul'jan Ruins
1259;15142;sea;13728;-1;-1;-1;-1;; Zul'jan Ruins
15139;15142;sea;13728;-1;-1;-1;-1;; Zul'jan Ruins
1264;15142;sea;13728;-1;-1;-1;-1;; Zul'jan Ruins
1264;8830;sea;13728;-1;-1;-1;-1;; Zul'jan Ruins
1264;15143;sea;13728;-1;-1;-1;-1;; Zul'jan Ruins
15136;8830;sea;13728;-1;-1;-1;-1;; Zul'jan Ruins
15136;8841;sea;13728;-1;-1;-1;-1;; Zul'jan Ruins
15136;15142;sea;13728;-1;-1;-1;-1;; Zul'jan Ruins
15136;1264;sea;13728;-1;-1;-1;-1;; Zul'jan Ruins

15485;1265;sea;13749;-1;-1;-1;-1;; the necropolis
15485;13750;sea;13749;-1;-1;-1;-1;; the necropolis
15226;13750;sea;13749;-1;-1;-1;-1;; the necropolis
13745;13750;sea;13749;-1;-1;-1;-1;; the necropolis

15239;13747;sea;13749;-1;-1;-1;-1;; the necropolis
15252;13747;sea;13749;-1;-1;-1;-1;; the necropolis
15252;15254;sea;13749;-1;-1;-1;-1;; the necropolis

15188;15255;sea;13734;-1;-1;-1;-1;; nazwatha
15224;15220;sea;13734;-1;-1;-1;-1;; nazwatha
15224;15242;sea;13734;-1;-1;-1;-1;; nazwatha
15227;15215;sea;13734;-1;-1;-1;-1;; nazwatha
15227;13740;sea;13734;-1;-1;-1;-1;; nazwatha
15224;13740;sea;13734;-1;-1;-1;-1;; nazwatha

15172;15193;sea;13734;-1;-1;-1;-1;; zal'amak
15172;15177;sea;13734;-1;-1;-1;-1;; zal'amak

15172;15194;sea;13734;-1;-1;-1;-1;; The Frogmarsh
15204;15194;sea;13734;-1;-1;-1;-1;; The Frogmarsh

13735;8862;sea;7317;-1;-1;-1;-1;; krag'wa's burrow

######################################################################################################
#Voldun
######################################################################################################
8705;8696;sea;7303;-1;-1;-1;-1;; Port of Zem'lan

13758;13756;sea;109;-1;-1;-1;-1;; Tortaka Refuge

######################################################################################################
#deepholm
######################################################################################################
15327;15381;sea;7755;-1;-1;-1;-1;; heart of azeroth
15371;15421;sea;7755;-1;-1;-1;-1;; heart of azeroth

15502;15476;sea;7755;-1;-1;-1;-1;; north maelstrom island
15502;15416;sea;7755;-1;-1;-1;-1;; north maelstrom island

7725;15425;sea;7755;-1;-1;-1;-1;; east maelstrom island
7725;15357;sea;7755;-1;-1;-1;-1;; east maelstrom island

15490;15276;sea;7755;-1;-1;-1;-1;; south maelstrom island
15490;15296;sea;7755;-1;-1;-1;-1;; south maelstrom island

######################################################################################################
#Wintergrasp
######################################################################################################
8429;8528;sea;10959;-1;-1;-1;-1;; The Sunken City

######################################################################################################
#Borean tundra
######################################################################################################
8926;8925;sea;7802;-1;-1;-1;-1;; Witnerfin retreat

8898;15924;sea;7802;-1;-1;-1;-1;; coldarra

8899;8903;sea;7795;-1;-1;-1;-1;; kaskala
8908;10922;sea;7795;-1;-1;-1;-1;; kaskala

######################################################################################################
#Dragonblight
######################################################################################################
15964;15926;sea;7789;-1;-1;-1;-1;; Westwind Camp
15964;15961;sea;7789;-1;-1;-1;-1;; Westwind Camp

13415;13432;sea;10939;-1;-1;-1;-1;; Icemist Village
13377;13425;sea;10939;-1;-1;-1;-1;; Icemist Village
13377;10938;sea;10939;-1;-1;-1;-1;; Icemist Village

######################################################################################################
#Grizzly Hills
######################################################################################################
7973;7960;sea;7781;-1;-1;-1;-1;; Venture Bay
7973;7961;sea;7781;-1;-1;-1;-1;; Venture Bay
8112;7961;sea;7781;-1;-1;-1;-1;; Venture Bay
8112;7948;sea;7781;-1;-1;-1;-1;; Venture Bay

8112;13263;sea;7781;-1;-1;-1;-1;; Venture Bay to dragonblight

8012;418;sea;6410;-1;-1;-1;-1;; blue sky logging grounds

######################################################################################################
#Howling Fjord
######################################################################################################
13355;8188;sea;325;-1;-1;-1;-1;;Cauldros Isle
277;13280;sea;394;-1;-1;-1;-1;;howling fjord mouth

######################################################################################################
#Bloodmyst Isle
######################################################################################################
11374;7474;sea;8084;-1;-1;-1;-1;; Wyrmscar Isle

6832;11709;sea;7988;-1;-1;-1;-1;; Nazzivian

######################################################################################################
#Bloodmyst Isle
######################################################################################################
13108;10359;sea;8000;-1;-1;-1;-1;; Azuremyst to Bloodmyst
13108;13720;sea;8000;-1;-1;-1;-1;; Azuremyst to Bloodmyst

12908;13590;sea;7977;-1;-1;-1;-1;; Moonwing Den

######################################################################################################
#Teldrassil
######################################################################################################
12769;12785;sea;12745;-1;-1;-1;-1;; darnassus
12769;12770;sea;12745;-1;-1;-1;-1;; darnassus
12769;11997;sea;12745;-1;-1;-1;-1;; darnassus
12769;12764;sea;12745;-1;-1;-1;-1;; darnassus
12707;12764;sea;12745;-1;-1;-1;-1;; darnassus gateway

12707;12764;;;-1;-1;-1;-1;DARNASSUS_GATEWAY;darnassus gateway


######################################################################################################
#Darkshore
######################################################################################################
12065;12856;sea;7982;-1;-1;-1;-1;; Greymyst Village

######################################################################################################
#ashenvale
######################################################################################################
12547;12548;sea;7983;-1;-1;-1;-1;; The Zoram Strand

12439;12041;sea;12445;-1;-1;-1;-1;; Xavian to Night Run

######################################################################################################
#Hyjal
######################################################################################################
12941;14928;sea;12527;-1;-1;-1;-1;; The Throne of Flames
12941;14956;sea;12527;-1;-1;-1;-1;; The Throne of Flames
12941;14911;sea;12527;-1;-1;-1;-1;; The Throne of Flames

13173;13176;sea;9793;-1;-1;-1;-1;; Gates of Sothann

######################################################################################################
#azshara
######################################################################################################
12061;14943;sea;7972;-1;-1;-1;-1;; Temple of Arkonan

14961;14922;sea;7953;-1;-1;-1;-1;; The shattered strand
14891;14922;sea;7953;-1;-1;-1;-1;; The shattered strand
14891;14902;sea;7941;-1;-1;-1;-1;; The shattered strand
14891;14878;sea;7941;-1;-1;-1;-1;; The shattered strand
14855;14878;sea;7941;-1;-1;-1;-1;; The shattered strand
14855;14852;sea;7941;-1;-1;-1;-1;; The shattered strand

14889;14878;sea;7941;-1;-1;-1;-1;; bilgewater hold
14855;14871;sea;7941;-1;-1;-1;-1;; bilgewater hold

14835;1551;sea;7952;-1;-1;-1;-1;; ravencrest monument

######################################################################################################
#Durotar
######################################################################################################
9630;1116;sea;7917;-1;-1;-1;-1;;Echo Isles to durotar
1118;9622;sea;7917;-1;-1;-1;-1;;Echo Isles
1118;1117;sea;7917;-1;-1;-1;-1;;Echo Isles
1116;1117;sea;7917;-1;-1;-1;-1;;Echo Isles
1116;9624;sea;7917;-1;-1;-1;-1;;Echo Isles
1116;232;sea;7917;-1;-1;-1;-1;;Echo Isles
9634;232;sea;7917;-1;-1;-1;-1;;Echo Isles
1120;9628;sea;7919;-1;-1;-1;-1;;Echo Isles

######################################################################################################
#Barrens
######################################################################################################
10071;10072;sea;7936;-1;-1;-1;-1;;merchant coast

9891;9903;impassable;-1;-1;-1;-1;-1;;Razorfen Downs - Stonespire Village
9891;9898;impassable;-1;-1;-1;-1;-1;;Razorfen Downs - Blackthorn Ridge

######################################################################################################
#Dustwallow Marsh
######################################################################################################
9142;9143;sea;143;-1;-1;-1;-1;;Dreadmurk Shore
9142;9129;sea;143;-1;-1;-1;-1;;Dreadmurk Shore
9123;9113;sea;7895;-1;-1;-1;-1;;Dreadmurk Shore
9095;1294;sea;7895;-1;-1;-1;-1;;Dreadmurk Shore

8880;9732;sea;7881;-1;-1;-1;-1;;theramoore isle to islands
8880;8683;sea;7657;-1;-1;-1;-1;;theramoore isle to islands

9055;76;sea;7891;-1;-1;-1;-1;;channel islands
9026;76;sea;7891;-1;-1;-1;-1;;channel islands
9050;76;sea;7887;-1;-1;-1;-1;;channel islands
9050;9038;sea;7887;-1;-1;-1;-1;;channel islands
9050;9066;sea;7887;-1;-1;-1;-1;;channel islands
9050;179;sea;7887;-1;-1;-1;-1;;channel islands
9076;179;sea;7887;-1;-1;-1;-1;;channel islands
9051;179;sea;7887;-1;-1;-1;-1;;channel islands
8641;179;sea;7887;-1;-1;-1;-1;;channel islands
8641;9081;sea;7887;-1;-1;-1;-1;;channel islands
8641;9063;sea;7887;-1;-1;-1;-1;;channel islands

9021;840;sea;7891;-1;-1;-1;-1;;Tidefury Cove
8998;840;sea;7891;-1;-1;-1;-1;;Tidefury Cove

######################################################################################################
#Mulgore
######################################################################################################
12088;12082;impassable;-1;-1;-1;-1;-1;;Malakajin - Boulderslide Ravine

######################################################################################################
#Desolace
######################################################################################################
11592;11612;sea;12142;-1;-1;-1;-1;; Magram Village
11592;11586;sea;12142;-1;-1;-1;-1;; Magram Village

######################################################################################################
#Feralas
######################################################################################################
10877;11365;sea;7870;-1;-1;-1;-1;; Sandor & Isle of Dread
11377;11365;sea;7870;-1;-1;-1;-1;; Sandor & Isle of Dread

11482;11443;sea;7867;-1;-1;-1;-1;; Sandor & island to north

11382;11731;sea;7877;-1;-1;-1;-1;; Stonemaul hold - S. Forgotten coast (new feathermoon)

11533;11514;sea;10897;-1;-1;-1;-1;; Dream Bough
11533;11535;sea;10897;-1;-1;-1;-1;; Dream Bough
11539;11535;sea;10897;-1;-1;-1;-1;; Dream Bough

11415;11444;impassable;-1;-1;-1;-1;-1;;Warpwood Quarter - Grimtotem Compound
11732;11444;impassable;-1;-1;-1;-1;-1;;Warpwood Quarter - Grimtotem Compound
11732;11424;impassable;-1;-1;-1;-1;-1;;Warpwood Quarter - Grimtotem Compound

######################################################################################################
#Tanaris
######################################################################################################
9312;9316;sea;7620;-1;-1;-1;-1;;south sea islands

9413;9392;impassable;-1;-1;-1;-1;-1;;Caverns of Time-Lost Rigger Cove
9413;9393;impassable;-1;-1;-1;-1;-1;;Caverns of Time-Lost Rigger Cove
9416;9393;impassable;-1;-1;-1;-1;-1;;Caverns of Time-Lost Rigger Cove
9416;9415;impassable;-1;-1;-1;-1;-1;;Caverns of Time-Lost Rigger Cove
9436;9415;impassable;-1;-1;-1;-1;-1;;Caverns of Time-Lost Rigger Cove
9436;9444;impassable;-1;-1;-1;-1;-1;;Caverns of Time-Lost Rigger Cove
9436;9455;impassable;-1;-1;-1;-1;-1;;Caverns of Time-Lost Rigger Cove
9427;9455;impassable;-1;-1;-1;-1;-1;;Caverns of Time-Lost Rigger Cove

9427;9449;impassable;-1;-1;-1;-1;-1;;Caverns of Time-S. Waterspring Field
9429;9449;impassable;-1;-1;-1;-1;-1;;Caverns of Time-S. Waterspring Field
9429;9440;impassable;-1;-1;-1;-1;-1;;Caverns of Time-S. Waterspring Field

######################################################################################################
#Uldum
######################################################################################################
11776;10860;sea;108;-1;-1;-1;-1;;Tahret's Grounds to Akhenet Fields
11913;824;sea;108;-1;-1;-1;-1;;Tahret's Grounds to Akhenet Fields

10853;11890;sea;108;-1;-1;-1;-1;;Lost City of Tol'vir
10853;11900;sea;108;-1;-1;-1;-1;;Lost City of Tol'vir

11855;11868;sea;108;-1;-1;-1;-1;;Lost City of Tol'vir
11855;11854;sea;108;-1;-1;-1;-1;;Lost City of Tol'vir

11855;11851;sea;108;-1;-1;-1;-1;;Lost City of Tol'vir
11863;11851;sea;108;-1;-1;-1;-1;;Lost City of Tol'vir
11849;11851;sea;108;-1;-1;-1;-1;;Lost City of Tol'vir

11838;11850;sea;108;-1;-1;-1;-1;;Lost City of Tol'vir
11838;11844;sea;108;-1;-1;-1;-1;;Lost City of Tol'vir
11838;11837;sea;108;-1;-1;-1;-1;;Lost City of Tol'vir

######################################################################################################
#Lost Isles
######################################################################################################
8212;8142;sea;7700;-1;-1;-1;-1;; Western Isle
8143;8128;sea;7700;-1;-1;-1;-1;; Southern Isle

######################################################################################################
#darkspear islands
######################################################################################################
769;784;sea;7430;-1;-1;-1;-1;;darkspear islands
776;781;sea;7430;-1;-1;-1;-1;;darkspear islands
7378;7376;sea;7441;-1;-1;-1;-1;;darkspear islands
7386;776;sea;7441;-1;-1;-1;-1;;darkspear islands
7386;7379;sea;7441;-1;-1;-1;-1;;darkspear islands
7382;7379;sea;7441;-1;-1;-1;-1;;darkspear islands
7374;7379;sea;7441;-1;-1;-1;-1;;darkspear islands
7375;7377;sea;141;-1;-1;-1;-1;;darkspear islands
7373;7377;sea;141;-1;-1;-1;-1;;darkspear islands
764;7371;sea;7438;-1;-1;-1;-1;;darkspear islands
7370;7371;sea;7438;-1;-1;-1;-1;;darkspear islands
7370;7372;sea;141;-1;-1;-1;-1;;darkspear islands
7391;7395;sea;7442;-1;-1;-1;-1;;darkspear islands
7397;526;sea;7442;-1;-1;-1;-1;;darkspear islands
7403;526;sea;7442;-1;-1;-1;-1;;darkspear islands
7395;7400;sea;7442;-1;-1;-1;-1;;darkspear islands

######################################################################################################
#Isle of Thunder
######################################################################################################
7396;43;sea;7367;-1;-1;-1;-1;; Dawnseeker Promontory

8744;7672;sea;7362;-1;-1;-1;-1;; Violet Rise
8744;7674;sea;7362;-1;-1;-1;-1;; Violet Rise

######################################################################################################
#Townlong Steppes
######################################################################################################
14684;14696;sea;7368;-1;-1;-1;-1;; Shan'ze Dao
14684;14685;sea;7368;-1;-1;-1;-1;; Shan'ze Dao

14629;14632;sea;7340;-1;-1;-1;-1;; Sra'vess to Niuzao Temple
14629;14570;sea;7340;-1;-1;-1;-1;; Sra'vess to Niuzao Temple
14528;14529;sea;7340;-1;-1;-1;-1;; Sra'vess to Niuzao Temple

14458;5875;sea;7340;-1;-1;-1;-1;; Niuzao Temple to Shado-pan Garrison

14408;14444;sea;7340;-1;-1;-1;-1;; Niuzao Temple to Forward Assault Camp

14345;8724;sea;7343;-1;-1;-1;-1;; Forward Assault Camp to Sik'vess

######################################################################################################
#Dread Wastes
######################################################################################################
13868;7291;sea;42;-1;-1;-1;-1;; The Briny Muck
13868;13933;sea;42;-1;-1;-1;-1;; The Briny Muck
13901;13933;sea;42;-1;-1;-1;-1;; The Briny Muck
13919;13933;sea;42;-1;-1;-1;-1;; The Briny Muck
13919;13901;sea;42;-1;-1;-1;-1;; The Briny Muck
13864;13901;sea;42;-1;-1;-1;-1;; The Briny Muck
13863;7291;sea;42;-1;-1;-1;-1;; The Briny Muck
13933;7291;sea;42;-1;-1;-1;-1;; The Briny Muck
13901;7291;sea;42;-1;-1;-1;-1;; The Briny Muck

######################################################################################################
#Krasarang Wilds
######################################################################################################
13812;13825;sea;7226;-1;-1;-1;-1;; Domination Point to Forbidden Jungle
13812;13814;sea;7226;-1;-1;-1;-1;; Domination Point to Forbidden Jungle

13812;13792;sea;7226;-1;-1;-1;-1;; Domination Point
13789;13776;sea;7226;-1;-1;-1;-1;; Domination Point
13775;13773;sea;7226;-1;-1;-1;-1;; Domination Point
13779;13774;sea;7226;-1;-1;-1;-1;; Domination Point
13766;13774;sea;7226;-1;-1;-1;-1;; Domination Point
13769;13774;sea;7226;-1;-1;-1;-1;; Domination Point
13769;13766;sea;7226;-1;-1;-1;-1;; Domination Point

13769;13771;sea;7226;-1;-1;-1;-1;; Domination Point to Cradle of Chi-ji

13777;13786;sea;7226;-1;-1;-1;-1;; Cradle of Chi-ji to Riverblade Forest

13777;14726;sea;12;-1;-1;-1;-1;; Cradle of Chi-ji to Temple of the Red Crane

13764;13762;sea;7236;-1;-1;-1;-1;; Cradle of Chi-ji to Unga Ingoo

13768;13770;sea;12;-1;-1;-1;-1;; Cradle of Chi-ji to Marista

14739;13781;sea;12;-1;-1;-1;-1;; Marista to Temple of the Red Crane

7414;13767;sea;12;-1;-1;-1;-1;; Marista

8397;13767;sea;7236;-1;-1;-1;-1;; Marista to Unga Ingoo

13817;13829;sea;34;-1;-1;-1;-1;; Riverblade Forest to Fallsong VillageW

13817;13828;sea;34;-1;-1;-1;-1;; Riverblade Forest
13836;13828;sea;34;-1;-1;-1;-1;; Riverblade Forest
13836;7421;sea;34;-1;-1;-1;-1;; Riverblade Forest
13818;13819;sea;34;-1;-1;-1;-1;; Riverblade Forest

13836;13859;sea;34;-1;-1;-1;-1;; Riverblade Forest to Crane Wing Refuge
13836;13851;sea;34;-1;-1;-1;-1;; Riverblade Forest to Crane Wing Refuge

13821;7421;sea;34;-1;-1;-1;-1;; Riverblade Forest to The Deep Wild
13838;7421;sea;34;-1;-1;-1;-1;; Riverblade Forest to The Deep Wild

13819;13803;sea;34;-1;-1;-1;-1;; Riverblade Forest to Temple of the red crane

13797;13808;sea;12;-1;-1;-1;-1;; Deepwild village

13810;13813;sea;12;-1;-1;-1;-1;; Anglers Wharf
13831;13813;sea;12;-1;-1;-1;-1;; Anglers Wharf
8471;13813;sea;12;-1;-1;-1;-1;; Anglers Wharf

8471;13853;sea;12;-1;-1;-1;-1;; Anglers Wharf to the incursion

######################################################################################################
#Kun-Lai Summit
######################################################################################################
14791;9656;sea;14210;-1;-1;-1;-1;; Inkgill Mere
14791;14521;sea;14210;-1;-1;-1;-1;; Inkgill Mere
14791;14487;sea;14210;-1;-1;-1;-1;; Inkgill Mere
14534;14487;sea;14210;-1;-1;-1;-1;; Inkgill Mere

14487;400;sea;14210;-1;-1;-1;-1;; Inkgill Mere to Eastwind Rest

14487;8192;sea;14210;-1;-1;-1;-1;; Inkgill Mere to Binan Village

14735;79;sea;7268;-1;-1;-1;-1;; Zandalari Vanguard
14735;14733;sea;7268;-1;-1;-1;-1;; Zandalari Vanguard
14731;14733;sea;7268;-1;-1;-1;-1;; Zandalari Vanguard
14736;14733;sea;7265;-1;-1;-1;-1;; Zandalari Vanguard
14734;14727;sea;7265;-1;-1;-1;-1;; Zandalari Vanguard
14721;14727;sea;7265;-1;-1;-1;-1;; Zandalari Vanguard

14422;14423;sea;14210;-1;-1;-1;-1;; Binan Village

######################################################################################################
#The Jade Forest
######################################################################################################
13879;13795;sea;7225;-1;-1;-1;-1;; Garrosh'ar Point
13904;13795;sea;7225;-1;-1;-1;-1;; Garrosh'ar Point
13904;13915;sea;7225;-1;-1;-1;-1;; Garrosh'ar Point
13904;13938;sea;7225;-1;-1;-1;-1;; Garrosh'ar Point

13904;13894;sea;7225;-1;-1;-1;-1;; Garrosh'ar Point to Lions Landing (Karasang wilds)

13904;13944;sea;7225;-1;-1;-1;-1;; Garrosh'ar Point to Twinspire Keep

13982;13944;sea;7225;-1;-1;-1;-1;; Garrosh'ar Point to Zhu's Watch

14018;13944;sea;7225;-1;-1;-1;-1;; Twinspire Keep
13971;13944;sea;7225;-1;-1;-1;-1;; Twinspire Keep

14050;14076;sea;67;-1;-1;-1;-1;; Camp Gormal

14050;14099;sea;67;-1;-1;-1;-1;; Camp Gormal to Virmen Nest

14050;14058;sea;67;-1;-1;-1;-1;; Camp Gormal to Twinspire Keep

14050;14045;sea;67;-1;-1;-1;-1;; Camp Gormal to Zhu's Descent (Karasang wilds)

9284;13918;sea;16;-1;-1;-1;-1;; Amberfly Bog

64;14635;sea;7267;-1;-1;-1;-1;; Sri-La Village
14556;14584;sea;7279;-1;-1;-1;-1;; Sri-La Village

14642;8679;sea;7267;-1;-1;-1;-1;; Terrace of Ten Thunders
14661;14752;sea;114;-1;-1;-1;-1;; Terrace of Ten Thunders
14661;14646;sea;114;-1;-1;-1;-1;; Terrace of Ten Thunders
14661;14628;sea;114;-1;-1;-1;-1;; Terrace of Ten Thunders
14680;14628;sea;7273;-1;-1;-1;-1;; Terrace of Ten Thunders
14680;14663;sea;7273;-1;-1;-1;-1;; Terrace of Ten Thunders


14071;14031;sea;7256;-1;-1;-1;-1;; Moonwater Retreat
13884;9274;sea;16;-1;-1;-1;-1;; Moonwater Retreat

14757;14759;sea;7256;-1;-1;-1;-1;; the Bamboo Wilds
14757;14136;sea;7256;-1;-1;-1;-1;; the Bamboo Wilds

14252;14274;sea;7256;-1;-1;-1;-1;; Temple of the Jade Serpent
14231;14274;sea;7256;-1;-1;-1;-1;; Temple of the Jade Serpent
14313;14274;sea;7256;-1;-1;-1;-1;; Temple of the Jade Serpent
14399;14274;sea;7256;-1;-1;-1;-1;; Temple of the Jade Serpent

14195;14231;sea;7256;-1;-1;-1;-1;; Temple of the Jade Serpent
14313;14231;sea;7256;-1;-1;-1;-1;; Temple of the Jade Serpent
14313;14399;sea;7256;-1;-1;-1;-1;; Temple of the Jade Serpent

14443;14403;sea;7279;-1;-1;-1;-1;; Windward Nesting Grounds
14443;14399;sea;7279;-1;-1;-1;-1;; Windward Nesting Grounds


14030;9176;sea;14746;-1;-1;-1;-1;; Windward Nesting Grounds
14030;14083;sea;14746;-1;-1;-1;-1;; Windward Nesting Grounds
14030;13988;sea;14746;-1;-1;-1;-1;; Windward Nesting Grounds

14764;14227;sea;14204;-1;-1;-1;-1;; Serpent's Heart
14764;9232;sea;14204;-1;-1;-1;-1;; Serpent's Heart
14764;14182;sea;14204;-1;-1;-1;-1;; Serpent's Heart

14238;9249;sea;8235;-1;-1;-1;-1;; Temple of the Jade Serpent

8605;9256;sea;13977;-1;-1;-1;-1;; Pawdon Village

######################################################################################################
#Timeless Isle
######################################################################################################
13891;13860;sea;7243;-1;-1;-1;-1;; Firewalker Ruins
13891;13882;sea;7243;-1;-1;-1;-1;; Firewalker Ruins

13932;13882;sea;7243;-1;-1;-1;-1;; Firewalker Ruins to the Blazing Way

14078;14003;sea;7247;-1;-1;-1;-1;; The Celestial Court
14078;14004;sea;7247;-1;-1;-1;-1;; The Celestial Court

######################################################################################################
#Mechagon
######################################################################################################
1639;2724;sea;628;-1;-1;-1;-1;; Western Spray

######################################################################################################
#Stormsong Valley
######################################################################################################
7127;7130;sea;1443;-1;-1;-1;-1;; Shrine of Storms
6969;7131;sea;1443;-1;-1;-1;-1;; Shrine of Storms
7109;7118;sea;7009;-1;-1;-1;-1;; Shrine of Storms
7081;7083;sea;7009;-1;-1;-1;-1;; Shrine of Storms
7061;7071;sea;1437;-1;-1;-1;-1;; Shrine of Storms
7085;7071;sea;1437;-1;-1;-1;-1;; Shrine of Storms

7084;7075;sea;7009;-1;-1;-1;-1;; The brineworks

7122;7128;sea;1442;-1;-1;-1;-1;; The Clearcut

7112;7103;sea;1442;-1;-1;-1;-1;; Fort Daelin
7102;7103;sea;1442;-1;-1;-1;-1;; Fort Daelin

7070;7076;sea;1441;-1;-1;-1;-1;; millstone hamlet
######################################################################################################
#drustvar
######################################################################################################
7216;7213;sea;208;-1;-1;-1;-1;; Waycrest Manor

######################################################################################################
#tirigarde sound
######################################################################################################
7026;7027;sea;685;-1;-1;-1;-1;; Norwington Estate

563;536;sea;6986;-1;-1;-1;-1;; Boralus
563;566;sea;6986;-1;-1;-1;-1;; Boralus
563;6994;sea;6986;-1;-1;-1;-1;; Boralus
563;6991;sea;6986;-1;-1;-1;-1;; Boralus

535;7024;sea;1454;-1;-1;-1;-1;; Ashvane Foundry

1298;675;sea;1454;-1;-1;-1;-1;; Siren Area
1302;6971;sea;1607;-1;-1;-1;-1;; Siren Area

578;580;sea;1607;-1;-1;-1;-1;; Freehold
578;554;sea;1607;-1;-1;-1;-1;; Freehold
578;581;sea;1607;-1;-1;-1;-1;; Freehold
578;576;sea;1607;-1;-1;-1;-1;; Freehold
559;579;sea;1607;-1;-1;-1;-1;; Freehold
559;547;sea;1607;-1;-1;-1;-1;; Freehold

577;565;sea;6972;-1;-1;-1;-1;; Vigil Hill
577;564;sea;6972;-1;-1;-1;-1;; Vigil Hill

7221;7219;impassable;-1;-1;-1;-1;-1;;stormsong-tirigarde Mountains
7221;7217;impassable;-1;-1;-1;-1;-1;;stormsong-tirigarde Mountains
7222;7217;impassable;-1;-1;-1;-1;-1;;stormsong-tirigarde Mountains
7222;7218;impassable;-1;-1;-1;-1;-1;;stormsong-tirigarde Mountains
7038;7218;impassable;-1;-1;-1;-1;-1;;stormsong-tirigarde Mountains

######################################################################################################
#gilneas
######################################################################################################
864;1436;sea;270;-1;-1;-1;-1;;The Bite
864;1299;sea;270;-1;-1;-1;-1;;The Bite
1299;449;sea;270;-1;-1;-1;-1;;The Bite

864;1420;sea;270;-1;-1;-1;-1;;The Bite to mainland
864;1431;sea;270;-1;-1;-1;-1;;The Bite to mainland

28;1368;sea;1317;-1;-1;-1;-1;;Tempest's Reach
28;473;sea;1317;-1;-1;-1;-1;;Tempest's Reach
28;1495;sea;1317;-1;-1;-1;-1;;Tempest's Reach
28;1485;sea;1317;-1;-1;-1;-1;;Tempest's Reach

1367;1522;sea;1440;-1;-1;-1;-1;;Duskhaven
1367;5824;sea;1440;-1;-1;-1;-1;;Duskhaven

513;874;sea;178;-1;-1;-1;-1;;Greymane Court - Cathedral Square
1133;874;sea;178;-1;-1;-1;-1;;Merchant Square - Cathedral Square

######################################################################################################
#Wetlands
######################################################################################################
5949;3590;impassable;-1;-1;-1;-1;-1;;Slabchisel's Survey-Dun Algaz
5949;3588;impassable;-1;-1;-1;-1;-1;;Slabchisel's Survey-Dun Algaz

######################################################################################################
#Twilight Highlands
######################################################################################################
4677;3619;impassable;-1;-1;-1;-1;-1;;Condemned Halls-NE. Mosshide Fen
4679;3619;impassable;-1;-1;-1;-1;-1;;Khardros' Anvil-NE. Mosshide Fen
4679;3608;impassable;-1;-1;-1;-1;-1;;Khardros' Anvil-NE. Mosshide Fen
4683;3608;impassable;-1;-1;-1;-1;-1;;Khardros' Anvil-NE. Mosshide Fen
4683;246;impassable;-1;-1;-1;-1;-1;;Khardros' Anvil-NE. Mosshide Fen
4683;3642;impassable;-1;-1;-1;-1;-1;;Khardros' Anvil-NE. Mosshide Fen
4683;3669;impassable;-1;-1;-1;-1;-1;;Khardros' Anvil-Dragonmaw Gate
4680;3669;impassable;-1;-1;-1;-1;-1;;Lifebinder Cell-Dragonmaw Gate
4680;3694;impassable;-1;-1;-1;-1;-1;;Lifebinder Cell-Dragonmaw Gate
4687;3694;impassable;-1;-1;-1;-1;-1;;Lifebinder Cell-Dragonmaw Gate
4687;3693;impassable;-1;-1;-1;-1;-1;;Lifebinder Cell-Dragonmaw Gate
4686;3693;impassable;-1;-1;-1;-1;-1;;Lifebinder Cell-Dragonmaw Gate
4686;4885;impassable;-1;-1;-1;-1;-1;;Lifebinder Cell-Dragonmaw Pass

######################################################################################################
#loch modan
######################################################################################################
1043;391;sea;237;-1;-1;-1;-1;;loch modan lake
3543;3545;sea;237;-1;-1;-1;-1;;loch modan lake
3570;3564;sea;237;-1;-1;-1;-1;;loch modan lake
3567;3564;sea;237;-1;-1;-1;-1;;loch modan lake
3567;3544;sea;237;-1;-1;-1;-1;;loch modan lake
383;385;sea;237;-1;-1;-1;-1;;loch modan lake
383;5882;sea;237;-1;-1;-1;-1;;loch modan lake

######################################################################################################
#dun morogh
######################################################################################################
3976;4016;sea;8569;-1;-1;-1;-1;;frost troll passage

######################################################################################################
#Blackrock Mountain
######################################################################################################
6256;5759;impassable;-1;-1;-1;-1;-1;;Molten Core
6256;5764;impassable;-1;-1;-1;-1;-1;;Molten Core
6250;5764;impassable;-1;-1;-1;-1;-1;;Molten Core
6250;5757;impassable;-1;-1;-1;-1;-1;;Molten Core
6250;5761;impassable;-1;-1;-1;-1;-1;;Molten Core
6236;5761;impassable;-1;-1;-1;-1;-1;;Molten Core

7507;7511;impassable;-1;-1;-1;-1;-1;;Blackwing Descent
7507;6183;impassable;-1;-1;-1;-1;-1;;Blackwing Descent
7507;6211;impassable;-1;-1;-1;-1;-1;;Blackwing Descent

6200;4632;impassable;-1;-1;-1;-1;-1;;Blackrock City-W.Ash Field
6177;4632;impassable;-1;-1;-1;-1;-1;;Blackrock Halls-W.Ash Field
6177;918;impassable;-1;-1;-1;-1;-1;;Blackrock Halls-W.Ash Field
6190;918;impassable;-1;-1;-1;-1;-1;;Blackrock Halls-W.Ash Field
6178;918;impassable;-1;-1;-1;-1;-1;;Blackrock Halls-W.Ash Field
6178;4643;impassable;-1;-1;-1;-1;-1;;Blackrock Halls-E.Ash Field
7502;4643;impassable;-1;-1;-1;-1;-1;;Blackwing Lair-E.Ash Field
7502;4644;impassable;-1;-1;-1;-1;-1;;Blackwing Lair-E.Ash Field
7502;4622;impassable;-1;-1;-1;-1;-1;;Blackwing Lair-E.Ash Field
6191;4622;impassable;-1;-1;-1;-1;-1;;Blackwing Lair-E.Ash Field
6191;921;impassable;-1;-1;-1;-1;-1;;Blackwing Lair-Flamecrest
6327;921;impassable;-1;-1;-1;-1;-1;;Blackwing Descent-Flamecrest
6327;7512;impassable;-1;-1;-1;-1;-1;;Blackwing Descent-Margol's Valley
6327;3929;impassable;-1;-1;-1;-1;-1;;Blackwing Descent-Margol's Valley
7507;3929;impassable;-1;-1;-1;-1;-1;;Blackwing Descent-Margol's Valley
7511;3929;impassable;-1;-1;-1;-1;-1;;The Rookery-Margol's Valley
7511;963;impassable;-1;-1;-1;-1;-1;;The Rookery-Sea of Cinders
6184;963;impassable;-1;-1;-1;-1;-1;;The Rookery-Sea of Cinders
6184;3933;impassable;-1;-1;-1;-1;-1;;The Rookery-Sea of Cinders
2725;3933;impassable;-1;-1;-1;-1;-1;;Blackrock City-Sea of Cinders
2725;3930;impassable;-1;-1;-1;-1;-1;;Blackrock City-Sea of Cinders
958;3930;impassable;-1;-1;-1;-1;-1;;Blackrock City-Sea of Cinders
958;3954;impassable;-1;-1;-1;-1;-1;;Blackrock City-Iron Summit
6194;3954;impassable;-1;-1;-1;-1;-1;;Blackrock City-Iron Summit
6194;3959;impassable;-1;-1;-1;-1;-1;;Blackrock City-Iron Summit

######################################################################################################
#Stormwind
######################################################################################################
2407;2402;sea;2370;-1;-1;-1;-1;; N. Stormwind Lake
2407;2416;sea;2370;-1;-1;-1;-1;; N. Stormwind Lake
2407;2406;sea;2370;-1;-1;-1;-1;; N. Stormwind Lake
2414;2406;sea;2370;-1;-1;-1;-1;; N. Stormwind Lake

######################################################################################################
#Elwynn Forest
######################################################################################################
6901;2581;sea;318;-1;-1;-1;-1;; Stone Cairn lake
1724;2559;sea;318;-1;-1;-1;-1;; Stone Cairn lake

2557;6048;impassable;-1;-1;-1;-1;-1;;Crystal Lake-Nortshire Vineyard
2564;6048;impassable;-1;-1;-1;-1;-1;;Crystal Lake-Nortshire Vineyard
2564;2491;impassable;-1;-1;-1;-1;-1;;Crystal Lake-Nortshire Vineyard
2556;2491;impassable;-1;-1;-1;-1;-1;;Crystal Lake-Nortshire Vineyard
2561;2491;impassable;-1;-1;-1;-1;-1;;Northshire Valley-Nortshire Vineyard

######################################################################################################
#Duskwood
######################################################################################################
2094;2075;impassable;-1;-1;-1;-1;-1;;Twilight Grove-Central Duskwood
2094;6867;impassable;-1;-1;-1;-1;-1;;W.Darkened Bank
2094;6873;impassable;-1;-1;-1;-1;-1;;W.Darkened Bank
2103;6873;impassable;-1;-1;-1;-1;-1;;W.Darkened Bank
2103;6918;impassable;-1;-1;-1;-1;-1;;W.Darkened Bank
2103;2513;impassable;-1;-1;-1;-1;-1;;W.Darkened Bank
2103;2114;impassable;-1;-1;-1;-1;-1;;E.Darkened Bank
2083;2114;impassable;-1;-1;-1;-1;-1;;E.Darkened Bank
2083;2116;impassable;-1;-1;-1;-1;-1;;E.Darkened Bank
2083;2186;impassable;-1;-1;-1;-1;-1;;Brightwood Grove
2089;2186;impassable;-1;-1;-1;-1;-1;;Brightwood Grove
2089;2100;impassable;-1;-1;-1;-1;-1;;Brightwood Grove
2089;2471;impassable;-1;-1;-1;-1;-1;;Brightwood Grove
2089;1994;impassable;-1;-1;-1;-1;-1;;Duskwood Road

######################################################################################################
#Westfall
######################################################################################################
2306;5524;impassable;-1;-1;-1;-1;-1;;Deadmines-Moonbrook
1720;6904;impassable;-1;-1;-1;-1;-1;;Deadmines-Dagger Mine
1720;2176;impassable;-1;-1;-1;-1;-1;;Deadmines-Dagger Mine
1721;2176;impassable;-1;-1;-1;-1;-1;;Deadmines-Dagger Mine
5436;2176;impassable;-1;-1;-1;-1;-1;;Dagger Mine-Yojamba Isle
5436;1721;impassable;-1;-1;-1;-1;-1;;Deadmine-Yojamba Isle
5436;1714;impassable;-1;-1;-1;-1;-1;;Deadmine-Yojamba Isle

######################################################################################################
#Deadwind Pass
######################################################################################################
6042;2792;impassable;-1;-1;-1;-1;-1;;Kharazhan cliffs
2778;2792;impassable;-1;-1;-1;-1;-1;;Kharazhan cliffs
2778;2794;impassable;-1;-1;-1;-1;-1;;Kharazhan cliffs
2790;2794;impassable;-1;-1;-1;-1;-1;;Kharazhan cliffs
2790;2800;impassable;-1;-1;-1;-1;-1;;Kharazhan cliffs
2266;2800;impassable;-1;-1;-1;-1;-1;;Kharazhan cliffs

######################################################################################################
#Swamp of sorrows
######################################################################################################
2616;2638;sea;311;-1;-1;-1;-1;;temple of atal hakkar
798;2637;sea;311;-1;-1;-1;-1;;temple of atal hakkar
798;2295;sea;311;-1;-1;-1;-1;;temple of atal hakkar

######################################################################################################
#Zul Gurub
######################################################################################################
1328;2608;sea;680;-1;-1;-1;-1;;altar of the blood god
2590;1662;sea;680;-1;-1;-1;-1;;altar of the blood god

######################################################################################################
#stranglethorn vale
######################################################################################################
393;1693;sea;1582;-1;-1;-1;-1;;Zul'kunda northern stranglethorn

524;5436;sea;1582;-1;-1;-1;-1;;yojamba isle

######################################################################################################
#cape of stranglethorn
######################################################################################################

1626;500;sea;1560;-1;-1;-1;-1;;Booty Bay

1626;1619;impassable;-1;-1;-1;-1;-1;;Booty Bay - Wild Shore
1570;1619;impassable;-1;-1;-1;-1;-1;;Booty Bay - Wild Shore
1571;1619;impassable;-1;-1;-1;-1;-1;;Booty Bay - Wild Shore
1571;1624;impassable;-1;-1;-1;-1;-1;;Booty Bay - Wild Shore
1569;1624;impassable;-1;-1;-1;-1;-1;;Booty Bay - Wild Shore
1569;1625;impassable;-1;-1;-1;-1;-1;;Booty Bay - Wild Shore
1572;1625;impassable;-1;-1;-1;-1;-1;;Booty Bay - Wild Shore
1572;1616;impassable;-1;-1;-1;-1;-1;;Booty Bay - Wild Shore

5577;1573;impassable;-1;-1;-1;-1;-1;;Booty Bay - S. Mistvale Valley

1619;1613;sea;1559;-1;-1;-1;-1;;Wild Shore south stranglethorn
1612;1613;sea;1559;-1;-1;-1;-1;;Wild Shore south stranglethorn
1612;414;sea;1559;-1;-1;-1;-1;;Wild Shore south stranglethorn
1623;414;sea;1559;-1;-1;-1;-1;;Wild Shore south stranglethorn

######################################################################################################
#Pludner Isle
######################################################################################################

5454;5439;sea;1574;-1;-1;-1;-1;;Hiji

880;5666;sea;1587;-1;-1;-1;-1;;Den of the Cold Eye
880;5466;sea;1587;-1;-1;-1;-1;;Den of the Cold Eye

######################################################################################################
#eye of azshara
######################################################################################################
8138;8186;sea;1767;-1;-1;-1;-1;;eye of azshara
8138;8199;sea;1767;-1;-1;-1;-1;;eye of azshara
8152;8213;sea;1767;-1;-1;-1;-1;;eye of azshara
8152;8141;sea;1767;-1;-1;-1;-1;;eye of azshara

######################################################################################################
#broken shore/acherus rocks
######################################################################################################
6078;6090;sea;5144;-1;-1;-1;-1;;archerus rocks

622;6065;sea;7320;-1;-1;-1;-1;;broken shore
5908;5936;sea;7320;-1;-1;-1;-1;;broken shore
6064;1330;sea;7320;-1;-1;-1;-1;;broken shore
6064;6066;sea;7320;-1;-1;-1;-1;;broken shore

######################################################################################################
#surumar
######################################################################################################
8568;8472;sea;5131;-1;-1;-1;-1;;Sashj'tar
8568;8438;sea;5131;-1;-1;-1;-1;;Sashj'tar
8568;8423;sea;5131;-1;-1;-1;-1;;Sashj'tar
8438;8423;sea;5131;-1;-1;-1;-1;;Sashj'tar
8421;8423;sea;5131;-1;-1;-1;-1;;Sashj'tar
8421;8427;sea;5131;-1;-1;-1;-1;;Sashj'tar

######################################################################################################
#Stormheim
######################################################################################################
9299;8616;sea;368;-1;-1;-1;-1;;NW stormheim

9219;9214;sea;3045;-1;-1;-1;-1;;SW stormheim
9195;9191;sea;5112;-1;-1;-1;-1;;SW stormheim


9244;9267;sea;8599;-1;-1;-1;-1;;tideskorn harbor
9244;9237;sea;8599;-1;-1;-1;-1;;tideskorn harbor

######################################################################################################
#spires of arak
######################################################################################################
10536;10695;impassable;-1;-1;-1;-1;-1;;western taldor border
10536;10694;impassable;-1;-1;-1;-1;-1;;western taldor border

10538;6856;impassable;-1;-1;-1;-1;-1;;eastern taldor border
10538;10698;impassable;-1;-1;-1;-1;-1;;eastern taldor border
6348;10698;impassable;-1;-1;-1;-1;-1;;eastern taldor border
6348;10702;impassable;-1;-1;-1;-1;-1;;eastern taldor border

######################################################################################################
#shadowmoon valley
######################################################################################################
6693;6795;sea;6429;-1;-1;-1;-1;;socrethar's rise

6701;10503;impassable;-1;-1;-1;-1;-1;;southern arak border
6701;10511;impassable;-1;-1;-1;-1;-1;;southern arak border
6713;10511;impassable;-1;-1;-1;-1;-1;;southern arak border
6717;10511;impassable;-1;-1;-1;-1;-1;;southern arak border
6717;10427;impassable;-1;-1;-1;-1;-1;;southern arak border
10402;10427;impassable;-1;-1;-1;-1;-1;;southern arak border
6674;10427;impassable;-1;-1;-1;-1;-1;;southern arak border
6674;10428;impassable;-1;-1;-1;-1;-1;;southern arak border

6759;10431;impassable;-1;-1;-1;-1;-1;;northern arak border
6759;10432;impassable;-1;-1;-1;-1;-1;;northern arak border
6798;10432;impassable;-1;-1;-1;-1;-1;;northern arak border
6809;10432;impassable;-1;-1;-1;-1;-1;;northern arak border
6809;10660;impassable;-1;-1;-1;-1;-1;;northern arak border
6809;10703;impassable;-1;-1;-1;-1;-1;;northern arak border
10404;10703;impassable;-1;-1;-1;-1;-1;;northern arak border
10404;10712;impassable;-1;-1;-1;-1;-1;;northern arak border
10404;10718;impassable;-1;-1;-1;-1;-1;;northern arak border
6813;10718;impassable;-1;-1;-1;-1;-1;;northern arak border
6813;10725;impassable;-1;-1;-1;-1;-1;;northern arak border
6778;10725;impassable;-1;-1;-1;-1;-1;;northern arak border
6778;10541;impassable;-1;-1;-1;-1;-1;;northern arak border

######################################################################################################
#nagarand
######################################################################################################
9795;10434;sea;6439;-1;-1;-1;-1;;redwalker grommashar
9795;10435;sea;6439;-1;-1;-1;-1;;redwalker grommashar

10716;10438;impassable;-1;-1;-1;-1;-1;;south border

10744;9801;impassable;-1;-1;-1;-1;-1;;shattrath
10752;10450;impassable;-1;-1;-1;-1;-1;;shattrath
10450;10756;impassable;-1;-1;-1;-1;-1;;shattrath
6340;10756;impassable;-1;-1;-1;-1;-1;;shattrath
6340;10766;impassable;-1;-1;-1;-1;-1;;shattrath
10766;10465;impassable;-1;-1;-1;-1;-1;;shattrath
10791;10471;impassable;-1;-1;-1;-1;-1;;shattrath
10798;10471;impassable;-1;-1;-1;-1;-1;;shattrath
10798;9809;impassable;-1;-1;-1;-1;-1;;shattrath

######################################################################################################
#talador
######################################################################################################
10805;10716;sea;6439;-1;-1;-1;-1;;redwalker island

######################################################################################################
#gorgrond
######################################################################################################
10804;10552;impassable;-1;-1;-1;-1;-1;;talador border
10804;10479;impassable;-1;-1;-1;-1;-1;;talador border
10808;10479;impassable;-1;-1;-1;-1;-1;;talador border
10808;10555;impassable;-1;-1;-1;-1;-1;;talador border
9825;10555;impassable;-1;-1;-1;-1;-1;;talador border

10488;10633;sea;6505;-1;-1;-1;-1;;lightnings blade island
10488;10627;sea;6505;-1;-1;-1;-1;;lightnings blade island

######################################################################################################
#tanaan jungles
######################################################################################################
6538;10763;impassable;-1;-1;-1;-1;-1;;talador border
6538;10771;impassable;-1;-1;-1;-1;-1;;talador border
6548;10771;impassable;-1;-1;-1;-1;-1;;talador border
6462;10771;impassable;-1;-1;-1;-1;-1;;talador border
6462;10778;impassable;-1;-1;-1;-1;-1;;talador border
6551;10778;impassable;-1;-1;-1;-1;-1;;talador border
6568;10778;impassable;-1;-1;-1;-1;-1;;talador border
6568;10547;impassable;-1;-1;-1;-1;-1;;talador border
6568;10786;impassable;-1;-1;-1;-1;-1;;talador border
6572;10786;impassable;-1;-1;-1;-1;-1;;talador border
6589;10786;impassable;-1;-1;-1;-1;-1;;talador border
6589;829;impassable;-1;-1;-1;-1;-1;;talador border
6601;829;impassable;-1;-1;-1;-1;-1;;talador border

6625;10554;impassable;-1;-1;-1;-1;-1;;gorgond border
6625;10551;impassable;-1;-1;-1;-1;-1;;gorgond border
6583;10551;impassable;-1;-1;-1;-1;-1;;gorgond border
6583;10550;impassable;-1;-1;-1;-1;-1;;gorgond border
6599;6575;impassable;-1;-1;-1;-1;-1;;dark portal border
6576;6575;impassable;-1;-1;-1;-1;-1;;dark portal border
6576;6570;impassable;-1;-1;-1;-1;-1;;dark portal border
6645;6642;impassable;-1;-1;-1;-1;-1;;dark portal border
6645;6481;impassable;-1;-1;-1;-1;-1;;dark portal border
6631;6481;impassable;-1;-1;-1;-1;-1;;dark portal border
6631;6648;impassable;-1;-1;-1;-1;-1;;dark portal border

######################################################################################################
#frostfire ridge
######################################################################################################
5947;5938;impassable;-1;-1;-1;-1;-1;;magnarok
5947;6015;impassable;-1;-1;-1;-1;-1;;magnarok
6110;6015;impassable;-1;-1;-1;-1;-1;;magnarok
6110;5960;impassable;-1;-1;-1;-1;-1;;magnarok
6110;5958;impassable;-1;-1;-1;-1;-1;;magnarok
5906;5958;impassable;-1;-1;-1;-1;-1;;magnarok
5906;6051;impassable;-1;-1;-1;-1;-1;;magnarok
5901;6051;impassable;-1;-1;-1;-1;-1;;magnarok

#################
#Silverpine Forest
#################
2132;1843;sea;328;-1;-1;-1;-1;;Fenris Isle
1852;369;sea;328;-1;-1;-1;-1;;Fenris Isle
379;375;sea;328;-1;-1;-1;-1;;Fenris Isle
379;369;sea;328;-1;-1;-1;-1;;Fenris Isle
375;371;sea;328;-1;-1;-1;-1;;Fenris Isle
371;372;sea;328;-1;-1;-1;-1;;Fenris Isle
372;1842;sea;328;-1;-1;-1;-1;;Fenris Isle
371;1891;sea;328;-1;-1;-1;-1;;Fenris Isle

#################
#Western Plaguelands
#################
1903;1850;sea;346;-1;-1;-1;-1;;Caer Darrow

#################
#Eversong Woods
#################
438;3281;sea;3106;-1;-1;-1;-1;;Sunstrider Isle
3009;3008;sea;3102;-1;-1;-1;-1;;Sunstrider Isle
665;660;sea;402;-1;-1;-1;-1;;Tor'watha

#################
#Ghostlands
#################
4574;455;sea;402;-1;-1;-1;-1;;ghostland lake island
3138;455;sea;402;-1;-1;-1;-1;;ghostland lake island
715;4549;sea;3085;-1;-1;-1;-1;;Shalandis Isle

#################
#Dark Portal
#################
2854;6600;;;-1;-1;-1;-1;DARK_PORTAL_DRAENOR;to Draenor

#################
#Thandol Span
#################
851;1320;sea;;1857;5143;3750;6035;THANDOL_SPAN;thandol span

#################
#Sea Barriers
#################

6134;3416;impassable;-1;-1;-1;-1;-1;;EK KAL Sea Barrier
397;3416;impassable;-1;-1;-1;-1;-1;;EK KAL Sea Barrier
217;3416;impassable;-1;-1;-1;-1;-1;;EK KAL Sea Barrier

6158;640;impassable;-1;-1;-1;-1;-1;;EK KAL Sea Barrier
6155;640;impassable;-1;-1;-1;-1;-1;;EK KAL Sea Barrier
397;640;impassable;-1;-1;-1;-1;-1;;EK KAL Sea Barrier

6170;2384;impassable;-1;-1;-1;-1;-1;;EK KAL Sea Barrier
6166;2384;impassable;-1;-1;-1;-1;-1;;EK KAL Sea Barrier
6158;2384;impassable;-1;-1;-1;-1;-1;;EK KAL Sea Barrier
453;2384;impassable;-1;-1;-1;-1;-1;;EK KAL Sea Barrier

6165;3448;impassable;-1;-1;-1;-1;-1;;EK KAL Sea Barrier
5316;3448;impassable;-1;-1;-1;-1;-1;;EK KAL Sea Barrier
453;3448;impassable;-1;-1;-1;-1;-1;;EK KAL Sea Barrier

6143;1523;impassable;-1;-1;-1;-1;-1;;EK KAL Sea Barrier
6142;1523;impassable;-1;-1;-1;-1;-1;;EK KAL Sea Barrier
6141;1523;impassable;-1;-1;-1;-1;-1;;EK KAL Sea Barrier
6134;1523;impassable;-1;-1;-1;-1;-1;;EK KAL Sea Barrier

6143;5416;impassable;-1;-1;-1;-1;-1;;EK KAL Sea Barrier
6132;5416;impassable;-1;-1;-1;-1;-1;;EK KAL Sea Barrier
6129;5416;impassable;-1;-1;-1;-1;-1;;EK KAL Sea Barrier

6129;5373;impassable;-1;-1;-1;-1;-1;;EK KAL Sea Barrier
6128;5373;impassable;-1;-1;-1;-1;-1;;EK KAL Sea Barrier

6128;5828;impassable;-1;-1;-1;-1;-1;;EK KAL Sea Barrier
53;5828;impassable;-1;-1;-1;-1;-1;;EK KAL Sea Barrier
22;5828;impassable;-1;-1;-1;-1;-1;;EK KAL Sea Barrier

53;6850;impassable;-1;-1;-1;-1;-1;;EK KAL Sea Barrier

5600;5873;impassable;-1;-1;-1;-1;-1;;EK DRAENOR Sea Barrier
53;5873;impassable;-1;-1;-1;-1;-1;;EK DRAENOR Sea Barrier
51;5873;impassable;-1;-1;-1;-1;-1;;EK DRAENOR Sea Barrier
21;5873;impassable;-1;-1;-1;-1;-1;;EK DRAENOR Sea Barrier

1555;6851;impassable;-1;-1;-1;-1;-1;;EK DRAENOR Sea Barrier
21;6851;impassable;-1;-1;-1;-1;-1;;EK DRAENOR Sea Barrier

1555;2784;impassable;-1;-1;-1;-1;-1;;EK DRAENOR Sea Barrier

1568;6686;impassable;-1;-1;-1;-1;-1;;EK OUT Sea Barrier
1559;6686;impassable;-1;-1;-1;-1;-1;;EK OUT Sea Barrier
1555;6686;impassable;-1;-1;-1;-1;-1;;EK OUT Sea Barrier

1568;6684;impassable;-1;-1;-1;-1;-1;;EK OUT Sea Barrier
1565;6684;impassable;-1;-1;-1;-1;-1;;EK OUT Sea Barrier
1554;6684;impassable;-1;-1;-1;-1;-1;;EK OUT Sea Barrier

1565;6667;impassable;-1;-1;-1;-1;-1;;EK OUT Sea Barrier
1553;6667;impassable;-1;-1;-1;-1;-1;;EK OUT Sea Barrier

5316;10399;impassable;-1;-1;-1;-1;-1;;EK ARGUS Sea Barrier

5316;10394;impassable;-1;-1;-1;-1;-1;;EK ARGUS Sea Barrier
3118;10394;impassable;-1;-1;-1;-1;-1;;EK ARGUS Sea Barrier
3119;10394;impassable;-1;-1;-1;-1;-1;;EK ARGUS Sea Barrier
3095;10394;impassable;-1;-1;-1;-1;-1;;EK ARGUS Sea Barrier


########## Sea Barrier hole fixes: seal ocean<->lake incl. map-wrap (auto) ##########
25;6675;impassable;-1;-1;-1;-1;-1;;Sea Barrier hole fix
7840;6848;impassable;-1;-1;-1;-1;-1;;Sea Barrier hole fix
86;6686;impassable;-1;-1;-1;-1;-1;;Sea Barrier hole fix
91;6684;impassable;-1;-1;-1;-1;-1;;Sea Barrier hole fix
517;6667;impassable;-1;-1;-1;-1;-1;;Sea Barrier hole fix
8060;10399;impassable;-1;-1;-1;-1;-1;;Sea Barrier hole fix
7842;6850;impassable;-1;-1;-1;-1;-1;;Sea Barrier hole fix
5;5828;impassable;-1;-1;-1;-1;-1;;Sea Barrier hole fix
8111;1523;impassable;-1;-1;-1;-1;-1;;Sea Barrier hole fix
8111;3416;impassable;-1;-1;-1;-1;-1;;Sea Barrier hole fix
7585;10394;impassable;-1;-1;-1;-1;-1;;Sea Barrier hole fix
57;6684;impassable;-1;-1;-1;-1;-1;;Sea Barrier hole fix
7909;5416;impassable;-1;-1;-1;-1;-1;;Sea Barrier hole fix
6149;5873;impassable;-1;-1;-1;-1;-1;;Sea Barrier hole fix
492;2384;impassable;-1;-1;-1;-1;-1;;Sea Barrier hole fix
6508;5873;impassable;-1;-1;-1;-1;-1;;Sea Barrier hole fix
6485;6851;impassable;-1;-1;-1;-1;-1;;Sea Barrier hole fix
7880;5373;impassable;-1;-1;-1;-1;-1;;Sea Barrier hole fix
7549;10394;impassable;-1;-1;-1;-1;-1;;Sea Barrier hole fix
55;2784;impassable;-1;-1;-1;-1;-1;;Sea Barrier hole fix
8064;3448;impassable;-1;-1;-1;-1;-1;;Sea Barrier hole fix
6496;6851;impassable;-1;-1;-1;-1;-1;;Sea Barrier hole fix
6431;6675;impassable;-1;-1;-1;-1;-1;;Sea Barrier hole fix
6438;6675;impassable;-1;-1;-1;-1;-1;;Sea Barrier hole fix
6511;5873;impassable;-1;-1;-1;-1;-1;;Sea Barrier hole fix
7977;640;impassable;-1;-1;-1;-1;-1;;Sea Barrier hole fix
7988;2384;impassable;-1;-1;-1;-1;-1;;Sea Barrier hole fix
7872;5416;impassable;-1;-1;-1;-1;-1;;Sea Barrier hole fix
7988;640;impassable;-1;-1;-1;-1;-1;;Sea Barrier hole fix
7610;10399;impassable;-1;-1;-1;-1;-1;;Sea Barrier hole fix
57;6667;impassable;-1;-1;-1;-1;-1;;Sea Barrier hole fix
492;3448;impassable;-1;-1;-1;-1;-1;;Sea Barrier hole fix
6506;6850;impassable;-1;-1;-1;-1;-1;;Sea Barrier hole fix
6455;2784;impassable;-1;-1;-1;-1;-1;;Sea Barrier hole fix
7963;3416;impassable;-1;-1;-1;-1;-1;;Sea Barrier hole fix
2955;10394;impassable;-1;-1;-1;-1;-1;;Sea Barrier hole fix
6504;6851;impassable;-1;-1;-1;-1;-1;;Sea Barrier hole fix
7909;1523;impassable;-1;-1;-1;-1;-1;;Sea Barrier hole fix
6147;6675;impassable;-1;-1;-1;-1;-1;;Sea Barrier hole fix
6145;6848;impassable;-1;-1;-1;-1;-1;;Sea Barrier hole fix
6440;6848;impassable;-1;-1;-1;-1;-1;;Sea Barrier hole fix
91;6686;impassable;-1;-1;-1;-1;-1;;Sea Barrier hole fix
7585;10399;impassable;-1;-1;-1;-1;-1;;Sea Barrier hole fix
6148;2784;impassable;-1;-1;-1;-1;-1;;Sea Barrier hole fix
6457;6848;impassable;-1;-1;-1;-1;-1;;Sea Barrier hole fix
6147;2784;impassable;-1;-1;-1;-1;-1;;Sea Barrier hole fix
6423;6675;impassable;-1;-1;-1;-1;-1;;Sea Barrier hole fix
5;5373;impassable;-1;-1;-1;-1;-1;;Sea Barrier hole fix
7872;5373;impassable;-1;-1;-1;-1;-1;;Sea Barrier hole fix
6498;6850;impassable;-1;-1;-1;-1;-1;;Sea Barrier hole fix
8064;10399;impassable;-1;-1;-1;-1;-1;;Sea Barrier hole fix
6427;6848;impassable;-1;-1;-1;-1;-1;;Sea Barrier hole fix
7963;640;impassable;-1;-1;-1;-1;-1;;Sea Barrier hole fix
6504;5873;impassable;-1;-1;-1;-1;-1;;Sea Barrier hole fix
6449;6848;impassable;-1;-1;-1;-1;-1;;Sea Barrier hole fix
86;2784;impassable;-1;-1;-1;-1;-1;;Sea Barrier hole fix
6489;6850;impassable;-1;-1;-1;-1;-1;;Sea Barrier hole fix
6457;6850;impassable;-1;-1;-1;-1;-1;;Sea Barrier hole fix
7842;5828;impassable;-1;-1;-1;-1;-1;;Sea Barrier hole fix
55;6675;impassable;-1;-1;-1;-1;-1;;Sea Barrier hole fix
7842;6848;impassable;-1;-1;-1;-1;-1;;Sea Barrier hole fix
7311;1767;impassable;-1;-1;-1;-1;-1;;Sea Barrier hole fix
7312;13749;impassable;-1;-1;-1;-1;-1;;Sea Barrier hole fix
7604;10399;impassable;-1;-1;-1;-1;-1;;Sea Barrier hole fix
7734;7701;impassable;-1;-1;-1;-1;-1;;Sea Barrier hole fix
6148;6851;impassable;-1;-1;-1;-1;-1;;Sea Barrier hole fix
7300;13734;impassable;-1;-1;-1;-1;-1;;Sea Barrier hole fix
7317;13734;impassable;-1;-1;-1;-1;-1;;Sea Barrier hole fix
6511;6850;impassable;-1;-1;-1;-1;-1;;Sea Barrier hole fix
1605;117;impassable;-1;-1;-1;-1;-1;;Sea Barrier hole fix
7317;13728;impassable;-1;-1;-1;-1;-1;;Sea Barrier hole fix
7305;13734;impassable;-1;-1;-1;-1;-1;;Sea Barrier hole fix

-1;-1;;-1;-1;-1;-1;-1;-1
